id,title,parent_id,phase_id,slice_id,effort,lifecycle_status,disposition,disposition_reason_ref,source_kind,source_span,custom_attributes,last_referenced
WBS-1,Platform Foundation,,PH-1,,XL,Approved,,,,,"{""v1"": {""EPIC"": ""EPIC-01"", ""Title"": ""Platform Foundation"", ""Module(s)"": ""Platform"", ""Size"": ""XL"", ""WBS group"": ""WBS-1"", ""Leaves"": ""WBS-1.1 – WBS-1.16"", ""Phase"": ""1""}}",
WBS-1.1,"WBS-1.1 Docker Compose stack: ACMP app + SQL Server + Seq + MinIO + health probes. Realizes FR-001, FR-003–FR-015. (BL-001 / EPIC-01).",WBS-1,,,,Approved,,,,,"{""v1"": {""raw_line"": ""- **WBS-1.1** Docker Compose stack: ACMP app + SQL Server + Seq + MinIO + health probes. Realizes FR-001, FR-003–FR-015. (BL-001 / EPIC-01)."", ""source"": ""planning/work-breakdown.md:55""}}",
WBS-1.10,"WBS-1.10 OpenAPI/Swagger document: auto-generated; ProblemDetails RFC 7807 error model. Realizes FR-001, FR-003–FR-015. (BL-010 / EPIC-01).",WBS-1,,,,Approved,,,,,"{""v1"": {""raw_line"": ""- **WBS-1.10** OpenAPI/Swagger document: auto-generated; ProblemDetails RFC 7807 error model. Realizes FR-001, FR-003–FR-015. (BL-010 / EPIC-01)."", ""source"": ""planning/work-breakdown.md:64""}}",
WBS-1.11,"WBS-1.11 React + Vite + TypeScript scaffold: module layout, route guards, error boundaries, typed API client. Realizes FR-001, FR-003–FR-015. (BL-011 / EPIC-01).",WBS-1,,,,Approved,,,,,"{""v1"": {""raw_line"": ""- **WBS-1.11** React + Vite + TypeScript scaffold: module layout, route guards, error boundaries, typed API client. Realizes FR-001, FR-003–FR-015. (BL-011 / EPIC-01)."", ""source"": ""planning/work-breakdown.md:65""}}",
WBS-1.12,"WBS-1.12 react-i18next: EN/AR locale files; locale switcher; persisted locale; no lost unsaved data on switch. Realizes FR-001, FR-003–FR-015. (BL-012 / EPIC-01).",WBS-1,,,,Approved,,,,,"{""v1"": {""raw_line"": ""- **WBS-1.12** react-i18next: EN/AR locale files; locale switcher; persisted locale; no lost unsaved data on switch. Realizes FR-001, FR-003–FR-015. (BL-012 / EPIC-01)."", ""source"": ""planning/work-breakdown.md:66""}}",
WBS-1.13,"WBS-1.13 RTL layout: CSS logical properties throughout; dir toggled; RTL smoke test. Realizes FR-001, FR-003–FR-015. (BL-013 / EPIC-01).",WBS-1,,,,Approved,,,,,"{""v1"": {""raw_line"": ""- **WBS-1.13** RTL layout: CSS logical properties throughout; `dir` toggled; RTL smoke test. Realizes FR-001, FR-003–FR-015. (BL-013 / EPIC-01)."", ""source"": ""planning/work-breakdown.md:67""}}",
WBS-1.14,"WBS-1.14 Light/dark theme: CSS variables; preference persisted; applied on load. Realizes FR-001, FR-003–FR-015. (BL-014 / EPIC-01).",WBS-1,,,,Approved,,,,,"{""v1"": {""raw_line"": ""- **WBS-1.14** Light/dark theme: CSS variables; preference persisted; applied on load. Realizes FR-001, FR-003–FR-015. (BL-014 / EPIC-01)."", ""source"": ""planning/work-breakdown.md:68""}}",
WBS-1.15,"WBS-1.15 Unsaved-work guard: navigation-away confirmation on dirty forms; reusable hook. Realizes FR-001, FR-003–FR-015. (BL-015 / EPIC-01).",WBS-1,,,,Approved,,,,,"{""v1"": {""raw_line"": ""- **WBS-1.15** Unsaved-work guard: navigation-away confirmation on dirty forms; reusable hook. Realizes FR-001, FR-003–FR-015. (BL-015 / EPIC-01)."", ""source"": ""planning/work-breakdown.md:69""}}",
WBS-1.16,"WBS-1.16 Localized validation errors: ProblemDetails in active locale; frontend error display. Realizes FR-001, FR-003–FR-015. (BL-016 / EPIC-01).",WBS-1,,,,Approved,,,,,"{""v1"": {""raw_line"": ""- **WBS-1.16** Localized validation errors: ProblemDetails in active locale; frontend error display. Realizes FR-001, FR-003–FR-015. (BL-016 / EPIC-01)."", ""source"": ""planning/work-breakdown.md:70""}}",
WBS-1.2,"WBS-1.2 EF Core project setup: DbContext, migrations infrastructure, apply-on-startup / CLI, rollback doc. Realizes FR-001, FR-003–FR-015. (BL-002 / EPIC-01).",WBS-1,,,,Approved,,,,,"{""v1"": {""raw_line"": ""- **WBS-1.2** EF Core project setup: DbContext, migrations infrastructure, apply-on-startup / CLI, rollback doc. Realizes FR-001, FR-003–FR-015. (BL-002 / EPIC-01)."", ""source"": ""planning/work-breakdown.md:56""}}",
WBS-1.3,"WBS-1.3 Configuration management: secrets via env vars; no secrets in image; IOptions<> binding per module. Realizes FR-001, FR-003–FR-015. (BL-003 / EPIC-01).",WBS-1,,,,Approved,,,,,"{""v1"": {""raw_line"": ""- **WBS-1.3** Configuration management: secrets via env vars; no secrets in image; `IOptions<>` binding per module. Realizes FR-001, FR-003–FR-015. (BL-003 / EPIC-01)."", ""source"": ""planning/work-breakdown.md:57""}}",
WBS-1.4,"WBS-1.4 Serilog structured logging → self-hosted Seq; correlation ID + masked user ID middleware. Realizes FR-001, FR-003–FR-015. (BL-004 / EPIC-01).",WBS-1,,,,Approved,,,,,"{""v1"": {""raw_line"": ""- **WBS-1.4** Serilog structured logging → self-hosted Seq; correlation ID + masked user ID middleware. Realizes FR-001, FR-003–FR-015. (BL-004 / EPIC-01)."", ""source"": ""planning/work-breakdown.md:58""}}",
WBS-1.5,"WBS-1.5 OpenTelemetry: traces + metrics for all HTTP requests and Hangfire jobs. Realizes FR-001, FR-003–FR-015. (BL-005 / EPIC-01).",WBS-1,,,,Approved,,,,,"{""v1"": {""raw_line"": ""- **WBS-1.5** OpenTelemetry: traces + metrics for all HTTP requests and Hangfire jobs. Realizes FR-001, FR-003–FR-015. (BL-005 / EPIC-01)."", ""source"": ""planning/work-breakdown.md:59""}}",
WBS-1.6,"WBS-1.6 App-owned Hangfire: own SQL schema; retry/failure queue; Administrator dashboard. Realizes FR-001, FR-003–FR-015. (BL-006 / EPIC-01).",WBS-1,,,,Approved,,,,,"{""v1"": {""raw_line"": ""- **WBS-1.6** App-owned Hangfire: own SQL schema; retry/failure queue; Administrator dashboard. Realizes FR-001, FR-003–FR-015. (BL-006 / EPIC-01)."", ""source"": ""planning/work-breakdown.md:60""}}",
WBS-1.7,"WBS-1.7 SQL outbox pattern: transactional publish + Hangfire delivery consumer. Realizes FR-001, FR-003–FR-015. (BL-007 / EPIC-01).",WBS-1,,,,Approved,,,,,"{""v1"": {""raw_line"": ""- **WBS-1.7** SQL outbox pattern: transactional publish + Hangfire delivery consumer. Realizes FR-001, FR-003–FR-015. (BL-007 / EPIC-01)."", ""source"": ""planning/work-breakdown.md:61""}}",
WBS-1.8,"WBS-1.8 MinIO IFileStore implementation: S3-compatible; pre-signed time-limited URLs; metadata entity. Realizes FR-001, FR-003–FR-015. (BL-008 / EPIC-01).",WBS-1,,,,Approved,,,,,"{""v1"": {""raw_line"": ""- **WBS-1.8** MinIO `IFileStore` implementation: S3-compatible; pre-signed time-limited URLs; metadata entity. Realizes FR-001, FR-003–FR-015. (BL-008 / EPIC-01)."", ""source"": ""planning/work-breakdown.md:62""}}",
WBS-1.9,"WBS-1.9 ASP.NET Core health checks: liveness + readiness; Docker Compose HEALTHCHECK wired. Realizes FR-001, FR-003–FR-015. (BL-009 / EPIC-01).",WBS-1,,,,Approved,,,,,"{""v1"": {""raw_line"": ""- **WBS-1.9** ASP.NET Core health checks: liveness + readiness; Docker Compose HEALTHCHECK wired. Realizes FR-001, FR-003–FR-015. (BL-009 / EPIC-01)."", ""source"": ""planning/work-breakdown.md:63""}}",
WBS-10,Action Tracking,,PH-1,,M,Approved,,,,,"{""v1"": {""EPIC"": ""EPIC-10"", ""Title"": ""Action Tracking"", ""Module(s)"": ""Actions"", ""Size"": ""M"", ""WBS group"": ""WBS-10"", ""Leaves"": ""WBS-10.1 – WBS-10.7"", ""Phase"": ""1""}}",
WBS-10.1,"WBS-10.1 Action entity + migration: ACT-…; title, owner (required), due date (required), description, priority; linked to topic/decision/risk. Realizes FR-079–FR-088. (BL-069 / EPIC-10).",WBS-10,,,,Approved,,,,,"{""v1"": {""raw_line"": ""- **WBS-10.1** Action entity + migration: `ACT-…`; title, owner (required), due date (required), description, priority; linked to topic/decision/risk. Realizes FR-079–FR-088. (BL-069 / EPIC-10)."", ""source"": ""planning/work-breakdown.md:191""}}",
WBS-10.2,WBS-10.2 Action creation API: required-field enforcement (owner + due date) at API + UI. Realizes FR-079–FR-088. (BL-070 / EPIC-10).,WBS-10,,,,Approved,,,,,"{""v1"": {""raw_line"": ""- **WBS-10.2** Action creation API: required-field enforcement (owner + due date) at API + UI. Realizes FR-079–FR-088. (BL-070 / EPIC-10)."", ""source"": ""planning/work-breakdown.md:192""}}",
WBS-10.3,WBS-10.3 Action status tracking: Open → InProgress → Blocked → Completed; Verified; Cancelled (mandatory reason). Realizes FR-079–FR-088. (BL-071 / EPIC-10).,WBS-10,,,,Approved,,,,,"{""v1"": {""raw_line"": ""- **WBS-10.3** Action status tracking: Open → InProgress → Blocked → Completed; Verified; Cancelled (mandatory reason). Realizes FR-079–FR-088. (BL-071 / EPIC-10)."", ""source"": ""planning/work-breakdown.md:193""}}",
WBS-10.4,WBS-10.4 Overdue derivation: background Hangfire daily job; derived status displayed. Realizes FR-079–FR-088. (BL-072 / EPIC-10).,WBS-10,,,,Approved,,,,,"{""v1"": {""raw_line"": ""- **WBS-10.4** Overdue derivation: background Hangfire daily job; derived status displayed. Realizes FR-079–FR-088. (BL-072 / EPIC-10)."", ""source"": ""planning/work-breakdown.md:194""}}",
WBS-10.5,WBS-10.5 Action reminder Hangfire job: notification to owner N days before due (default 3). Realizes FR-079–FR-088. (BL-073 / EPIC-10).,WBS-10,,,,Approved,,,,,"{""v1"": {""raw_line"": ""- **WBS-10.5** Action reminder Hangfire job: notification to owner N days before due (default 3). Realizes FR-079–FR-088. (BL-073 / EPIC-10)."", ""source"": ""planning/work-breakdown.md:195""}}",
WBS-10.6,WBS-10.6 Action escalation Hangfire job: notification to Secretary + Chairman when overdue > threshold (default 2d). Realizes FR-079–FR-088. (BL-074 / EPIC-10).,WBS-10,,,,Approved,,,,,"{""v1"": {""raw_line"": ""- **WBS-10.6** Action escalation Hangfire job: notification to Secretary + Chairman when overdue > threshold (default 2d). Realizes FR-079–FR-088. (BL-074 / EPIC-10)."", ""source"": ""planning/work-breakdown.md:196""}}",
WBS-10.7,"WBS-10.7 Actions dashboard: open/blocked/overdue across all topics; filterable by owner, stream, topic, due date, status. Realizes FR-079–FR-088. (BL-075 / EPIC-10).",WBS-10,,,,Approved,,,,,"{""v1"": {""raw_line"": ""- **WBS-10.7** Actions dashboard: open/blocked/overdue across all topics; filterable by owner, stream, topic, due date, status. Realizes FR-079–FR-088. (BL-075 / EPIC-10)."", ""source"": ""planning/work-breakdown.md:197""}}",
WBS-11,Risk Management,,PH-1,,M,Approved,,,,,"{""v1"": {""EPIC"": ""EPIC-11"", ""Title"": ""Risk Management"", ""Module(s)"": ""Risks"", ""Size"": ""M"", ""WBS group"": ""WBS-11"", ""Leaves"": ""WBS-11.1 – WBS-11.3"", ""Phase"": ""1–2""}}",
WBS-11.1,"WBS-11.1 Risk entity + migration: RSK-…; title, description, likelihood, impact, owner, mitigation plan; linked to topic/action. Realizes FR-089–FR-091, FR-093. (BL-076 / EPIC-11).",WBS-11,,,,Approved,,,,,"{""v1"": {""raw_line"": ""- **WBS-11.1** Risk entity + migration: `RSK-…`; title, description, likelihood, impact, owner, mitigation plan; linked to topic/action. Realizes FR-089–FR-091, FR-093. (BL-076 / EPIC-11)."", ""source"": ""planning/work-breakdown.md:205""}}",
WBS-11.2,"WBS-11.2 Risk creation + status lifecycle API + UI: mitigation plan required before Close; Accepted status with rationale. Realizes FR-089–FR-091, FR-093. (BL-077 / EPIC-11).",WBS-11,,,,Approved,,,,,"{""v1"": {""raw_line"": ""- **WBS-11.2** Risk creation + status lifecycle API + UI: mitigation plan required before Close; Accepted status with rationale. Realizes FR-089–FR-091, FR-093. (BL-077 / EPIC-11)."", ""source"": ""planning/work-breakdown.md:206""}}",
WBS-11.3,WBS-11.3 Risk escalation notification: notify Secretary + Chairman when risk status = Escalated. Realizes FR-092 (PH-2). (BL-135 / EPIC-11).,WBS-11,,,,Approved,,,,,"{""v1"": {""raw_line"": ""- **WBS-11.3** Risk escalation notification: notify Secretary + Chairman when risk status = Escalated. Realizes FR-092 (PH-2). (BL-135 / EPIC-11)."", ""source"": ""planning/work-breakdown.md:207""}}",
WBS-12,Dependency Management,,PH-1,,M,Approved,,,,,"{""v1"": {""EPIC"": ""EPIC-12"", ""Title"": ""Dependency Management"", ""Module(s)"": ""Dependencies"", ""Size"": ""M"", ""WBS group"": ""WBS-12"", ""Leaves"": ""WBS-12.1 – WBS-12.4"", ""Phase"": ""1–2""}}",
WBS-12.1,"WBS-12.1 Dependency edge entity + migration: DPN-…; source, target, type (Blocks / DependsOn / RelatesTo). Realizes FR-094–FR-095, FR-098. (BL-078 / EPIC-12).",WBS-12,,,,Approved,,,,,"{""v1"": {""raw_line"": ""- **WBS-12.1** Dependency edge entity + migration: `DPN-…`; source, target, type (Blocks / DependsOn / RelatesTo). Realizes FR-094–FR-095, FR-098. (BL-078 / EPIC-12)."", ""source"": ""planning/work-breakdown.md:215""}}",
WBS-12.2,"WBS-12.2 Cross-stream dependency flag: visual highlight when source + target affect different streams. Realizes FR-094–FR-095, FR-098. (BL-079 / EPIC-12).",WBS-12,,,,Approved,,,,,"{""v1"": {""raw_line"": ""- **WBS-12.2** Cross-stream dependency flag: visual highlight when source + target affect different streams. Realizes FR-094–FR-095, FR-098. (BL-079 / EPIC-12)."", ""source"": ""planning/work-breakdown.md:216""}}",
WBS-12.3,"WBS-12.3 Per-topic dependency list: inbound + outbound edges on topic detail page. Realizes FR-094–FR-095, FR-098. (BL-080 / EPIC-12).",WBS-12,,,,Approved,,,,,"{""v1"": {""raw_line"": ""- **WBS-12.3** Per-topic dependency list: inbound + outbound edges on topic detail page. Realizes FR-094–FR-095, FR-098. (BL-080 / EPIC-12)."", ""source"": ""planning/work-breakdown.md:217""}}",
WBS-12.4,WBS-12.4 Dependency graph visualization: Tarseem dependency family; SQL graph traversal → JSON spec → render. Realizes FR-097 (PH-2). (BL-122 / EPIC-12).,WBS-12,,,,Deferred,,,,,"{""v1"": {""raw_line"": ""- **WBS-12.4** Dependency graph visualization: Tarseem dependency family; SQL graph traversal → JSON spec → render. Realizes FR-097 (PH-2). (BL-122 / EPIC-12)."", ""source"": ""planning/work-breakdown.md:218""}}",
WBS-13,Notifications & Alerts,,PH-1,,M,Approved,,,,,"{""v1"": {""EPIC"": ""EPIC-13"", ""Title"": ""Notifications & Alerts"", ""Module(s)"": ""Notifications"", ""Size"": ""M"", ""WBS group"": ""WBS-13"", ""Leaves"": ""WBS-13.1 – WBS-13.5"", ""Phase"": ""1–2""}}",
WBS-13.1,"WBS-13.1 In-app notification center: bell icon, list, mark-as-read, deep links; INotificationChannel + in-app adapter. Realizes FR-129–FR-132. (BL-052 / EPIC-13).",WBS-13,,,,Approved,,,,,"{""v1"": {""raw_line"": ""- **WBS-13.1** In-app notification center: bell icon, list, mark-as-read, deep links; `INotificationChannel` + in-app adapter. Realizes FR-129–FR-132. (BL-052 / EPIC-13)."", ""source"": ""planning/work-breakdown.md:226""}}",
WBS-13.2,WBS-13.2 Notification event catalog: all PH-1 events wired to INotificationChannel dispatch. Realizes FR-129–FR-132. (BL-082 / EPIC-13).,WBS-13,,,,Approved,,,,,"{""v1"": {""raw_line"": ""- **WBS-13.2** Notification event catalog: all PH-1 events wired to `INotificationChannel` dispatch. Realizes FR-129–FR-132. (BL-082 / EPIC-13)."", ""source"": ""planning/work-breakdown.md:227""}}",
WBS-13.3,"WBS-13.3 Webex adapter: INotificationChannel Adaptive Cards (v1.3, ≤80KB, ≤10 image links per card); 429 + Retry-After back-off via Hangfire retry. Realizes FR-129–FR-132 (PH-2 adapter). (BL-112 / EPI",WBS-13,,,,Approved,,,,,"{""v1"": {""raw_line"": ""- **WBS-13.3** Webex adapter: `INotificationChannel` Adaptive Cards (v1.3, ≤80KB, ≤10 image links per card); 429 + Retry-After back-off via Hangfire retry. Realizes FR-129–FR-132 (PH-2 adapter). (BL-112 / EPIC-13)."", ""source"": ""planning/work-breakdown.md:228""}}",
WBS-13.4,WBS-13.4 Notification user preferences: per-user per-event-type opt-in/out page. Realizes FR-133 (PH-2). (BL-124 / EPIC-13).,WBS-13,,,,Deferred,,,,,"{""v1"": {""raw_line"": ""- **WBS-13.4** Notification user preferences: per-user per-event-type opt-in/out page. Realizes FR-133 (PH-2). (BL-124 / EPIC-13)."", ""source"": ""planning/work-breakdown.md:229""}}",
WBS-13.5,WBS-13.5 Notification digest Hangfire job: daily/weekly summary to opted-in users. Realizes FR-134 (PH-2). (BL-125 / EPIC-13).,WBS-13,,,,Deferred,,,,,"{""v1"": {""raw_line"": ""- **WBS-13.5** Notification digest Hangfire job: daily/weekly summary to opted-in users. Realizes FR-134 (PH-2). (BL-125 / EPIC-13)."", ""source"": ""planning/work-breakdown.md:230""}}",
WBS-14,Dashboards & Reporting,,PH-1,,L,Approved,,,,,"{""v1"": {""EPIC"": ""EPIC-14"", ""Title"": ""Dashboards & Reporting"", ""Module(s)"": ""Reporting"", ""Size"": ""L"", ""WBS group"": ""WBS-14"", ""Leaves"": ""WBS-14.1 – WBS-14.5"", ""Phase"": ""1–2""}}",
WBS-14.1,"WBS-14.1 Committee dashboard: backlog summary by status/urgency, next meeting + agenda link, action counts, last 5 decisions. Realizes FR-135. (BL-088 / EPIC-14).",WBS-14,,,,Approved,,,,,"{""v1"": {""raw_line"": ""- **WBS-14.1** Committee dashboard: backlog summary by status/urgency, next meeting + agenda link, action counts, last 5 decisions. Realizes FR-135. (BL-088 / EPIC-14)."", ""source"": ""planning/work-breakdown.md:238""}}",
WBS-14.2,"WBS-14.2 Secretary dashboard: triage queue, pending MoM approvals, overdue actions requiring escalation, aging topics. Realizes FR-136. (BL-089 / EPIC-14).",WBS-14,,,,Approved,,,,,"{""v1"": {""raw_line"": ""- **WBS-14.2** Secretary dashboard: triage queue, pending MoM approvals, overdue actions requiring escalation, aging topics. Realizes FR-136. (BL-089 / EPIC-14)."", ""source"": ""planning/work-breakdown.md:239""}}",
WBS-14.3,"WBS-14.3 Chairman dashboard: votes pending approval, escalated risks, escalated actions, topics deferred ≥2 times. Realizes FR-137. (BL-090 / EPIC-14).",WBS-14,,,,Approved,,,,,"{""v1"": {""raw_line"": ""- **WBS-14.3** Chairman dashboard: votes pending approval, escalated risks, escalated actions, topics deferred ≥2 times. Realizes FR-137. (BL-090 / EPIC-14)."", ""source"": ""planning/work-breakdown.md:240""}}",
WBS-14.4,WBS-14.4 Per-stream report: topics/decisions/actions/risks by stream; filterable by date + status. Realizes FR-138 (PH-2). (BL-129 / EPIC-14).,WBS-14,,,,Approved,,,,,"{""v1"": {""raw_line"": ""- **WBS-14.4** Per-stream report: topics/decisions/actions/risks by stream; filterable by date + status. Realizes FR-138 (PH-2). (BL-129 / EPIC-14)."", ""source"": ""planning/work-breakdown.md:241""}}",
WBS-14.5,"WBS-14.5 Decision history report + CSV export; action completion trend chart; CSV/PNG export for all reports. Realizes FR-139–FR-140, FR-142 (PH-2). (BL-130 / EPIC-14).",WBS-14,,,,Approved,,,,,"{""v1"": {""raw_line"": ""- **WBS-14.5** Decision history report + CSV export; action completion trend chart; CSV/PNG export for all reports. Realizes FR-139–FR-140, FR-142 (PH-2). (BL-130 / EPIC-14)."", ""source"": ""planning/work-breakdown.md:242""}}",
WBS-15,Search & Traceability,,PH-1,,L,Approved,,,,,"{""v1"": {""EPIC"": ""EPIC-15"", ""Title"": ""Search & Traceability"", ""Module(s)"": ""Search&Traceability"", ""Size"": ""L"", ""WBS group"": ""WBS-15"", ""Leaves"": ""WBS-15.1 – WBS-15.8"", ""Phase"": ""1–3""}}",
WBS-15.1,WBS-15.1 Traceability relationship entity + migration: typed edges between any two artifacts; types enum. Realizes FR-143–FR-147. (BL-083 / EPIC-15).,WBS-15,,,,Approved,,,,,"{""v1"": {""raw_line"": ""- **WBS-15.1** Traceability relationship entity + migration: typed edges between any two artifacts; types enum. Realizes FR-143–FR-147. (BL-083 / EPIC-15)."", ""source"": ""planning/work-breakdown.md:250""}}",
WBS-15.2,WBS-15.2 Traceability panel: upstream + downstream typed edges on every artifact detail page. Realizes FR-143–FR-147. (BL-084 / EPIC-15).,WBS-15,,,,Approved,,,,,"{""v1"": {""raw_line"": ""- **WBS-15.2** Traceability panel: upstream + downstream typed edges on every artifact detail page. Realizes FR-143–FR-147. (BL-084 / EPIC-15)."", ""source"": ""planning/work-breakdown.md:251""}}",
WBS-15.3,WBS-15.3 Typed edge CRUD API: create/read/delete; relationship type validated against enum. Realizes FR-143–FR-147. (BL-085 / EPIC-15).,WBS-15,,,,Approved,,,,,"{""v1"": {""raw_line"": ""- **WBS-15.3** Typed edge CRUD API: create/read/delete; relationship type validated against enum. Realizes FR-143–FR-147. (BL-085 / EPIC-15)."", ""source"": ""planning/work-breakdown.md:252""}}",
WBS-15.4,"WBS-15.4 SQL Server FTS setup: EN + AR word-breakers; FTS index on topics, decisions, MoMs. Realizes FR-143–FR-147. (BL-086 / EPIC-15).",WBS-15,,,,Approved,,,,,"{""v1"": {""raw_line"": ""- **WBS-15.4** SQL Server FTS setup: EN + AR word-breakers; FTS index on topics, decisions, MoMs. Realizes FR-143–FR-147. (BL-086 / EPIC-15)."", ""source"": ""planning/work-breakdown.md:253""}}",
WBS-15.5,WBS-15.5 Global search bar: accessible from every page; FTS across topics/decisions/MoMs; results grouped by type. Realizes FR-143–FR-147. (BL-087 / EPIC-15).,WBS-15,,,,Approved,,,,,"{""v1"": {""raw_line"": ""- **WBS-15.5** Global search bar: accessible from every page; FTS across topics/decisions/MoMs; results grouped by type. Realizes FR-143–FR-147. (BL-087 / EPIC-15)."", ""source"": ""planning/work-breakdown.md:254""}}",
WBS-15.6,WBS-15.6 Impact analysis query: transitive blocked work via SQL graph traversal; configurable depth; navigable results. Realizes FR-148 (PH-2). (BL-123 / EPIC-15).,WBS-15,,,,Approved,,,,,"{""v1"": {""raw_line"": ""- **WBS-15.6** Impact analysis query: transitive blocked work via SQL graph traversal; configurable depth; navigable results. Realizes FR-148 (PH-2). (BL-123 / EPIC-15)."", ""source"": ""planning/work-breakdown.md:255""}}",
WBS-15.7,WBS-15.7 Transitive impact analysis UI: display result list with navigable artifact links. Realizes FR-148 (PH-2). (BL-131 / EPIC-15).,WBS-15,,,,Approved,,,,,"{""v1"": {""raw_line"": ""- **WBS-15.7** Transitive impact analysis UI: display result list with navigable artifact links. Realizes FR-148 (PH-2). (BL-131 / EPIC-15)."", ""source"": ""planning/work-breakdown.md:256""}}",
WBS-15.8,WBS-15.8 Traceability matrix CSV export: topic + all linked artifacts by type and relationship. Realizes FR-149 (PH-3). (BL-206 / EPIC-15).,WBS-15,,,,Approved,,,,,"{""v1"": {""raw_line"": ""- **WBS-15.8** Traceability matrix CSV export: topic + all linked artifacts by type and relationship. Realizes FR-149 (PH-3). (BL-206 / EPIC-15)."", ""source"": ""planning/work-breakdown.md:257""}}",
WBS-16,Audit & Records,,PH-1,,M,Approved,,,,,"{""v1"": {""EPIC"": ""EPIC-16"", ""Title"": ""Audit & Records"", ""Module(s)"": ""Audit&Records"", ""Size"": ""M"", ""WBS group"": ""WBS-16"", ""Leaves"": ""WBS-16.1 – WBS-16.5"", ""Phase"": ""1–2""}}",
WBS-16.1,"WBS-16.1 Audit log entity + migration: append-only; entity type, ID, action, actor, UTC timestamp, before/after JSON, correlation ID; no UPDATE/DELETE. Realizes FR-150–FR-153. (BL-066 / EPIC-16).",WBS-16,,,,Approved,,,,,"{""v1"": {""raw_line"": ""- **WBS-16.1** Audit log entity + migration: append-only; entity type, ID, action, actor, UTC timestamp, before/after JSON, correlation ID; no UPDATE/DELETE. Realizes FR-150–FR-153. (BL-066 / EPIC-16)."", ""source"": ""planning/work-breakdown.md:265""}}",
WBS-16.2,WBS-16.2 Audit hash chain: SHA-256 chained hash over vote + issued-decision records; chain verifiable (RISK-003 mitigation; ADR-0009). Realizes FR-150–FR-153. (BL-067 / EPIC-16).,WBS-16,,,,Approved,,,,,"{""v1"": {""raw_line"": ""- **WBS-16.2** Audit hash chain: SHA-256 chained hash over vote + issued-decision records; chain verifiable (RISK-003 mitigation; ADR-0009). Realizes FR-150–FR-153. (BL-067 / EPIC-16)."", ""source"": ""planning/work-breakdown.md:266""}}",
WBS-16.3,"WBS-16.3 Audit log search UI: Auditor/Administrator search by entity type, ID, actor, action, date range; paginated. Realizes FR-150–FR-153. (BL-081 / EPIC-16).",WBS-16,,,,Approved,,,,,"{""v1"": {""raw_line"": ""- **WBS-16.3** Audit log search UI: Auditor/Administrator search by entity type, ID, actor, action, date range; paginated. Realizes FR-150–FR-153. (BL-081 / EPIC-16)."", ""source"": ""planning/work-breakdown.md:267""}}",
WBS-16.4,WBS-16.4 Audit log export: CSV/JSON by date range + entity filter; Auditor/Administrator only. Realizes FR-154 (PH-2). (BL-132 / EPIC-16).,WBS-16,,,,Approved,,,,,"{""v1"": {""raw_line"": ""- **WBS-16.4** Audit log export: CSV/JSON by date range + entity filter; Auditor/Administrator only. Realizes FR-154 (PH-2). (BL-132 / EPIC-16)."", ""source"": ""planning/work-breakdown.md:268""}}",
WBS-16.5,WBS-16.5 Retention policy configuration: configurable period per entity type; no auto-purge in v1; Admin UI. Realizes FR-155 (PH-2). (BL-133 / EPIC-16).,WBS-16,,,,Approved,,,,,"{""v1"": {""raw_line"": ""- **WBS-16.5** Retention policy configuration: configurable period per entity type; no auto-purge in v1; Admin UI. Realizes FR-155 (PH-2). (BL-133 / EPIC-16)."", ""source"": ""planning/work-breakdown.md:269""}}",
WBS-17,Governance — ADRs & Invariants,,PH-2,,L,Approved,,,,,"{""v1"": {""EPIC"": ""EPIC-17"", ""Title"": ""Governance — ADRs & Invariants"", ""Module(s)"": ""Governance"", ""Size"": ""L"", ""WBS group"": ""WBS-17"", ""Leaves"": ""WBS-17.1 – WBS-17.7"", ""Phase"": ""2–3""}}",
WBS-17.1,WBS-17.1 ADR entity + migration: in-app ADR-… IDs; MADR-lite template fields; lifecycle status. Realizes FR-099–FR-109. (BL-106 / EPIC-17).,WBS-17,,,,Approved,,,,,"{""v1"": {""raw_line"": ""- **WBS-17.1** ADR entity + migration: in-app `ADR-…` IDs; MADR-lite template fields; lifecycle status. Realizes FR-099–FR-109. (BL-106 / EPIC-17)."", ""source"": ""planning/work-breakdown.md:277""}}",
WBS-17.2,WBS-17.2 ADR creation + lifecycle API + UI: MADR-lite form; status transitions; supersession chain; immutability. Realizes FR-099–FR-109. (BL-107 / EPIC-17).,WBS-17,,,,Approved,,,,,"{""v1"": {""raw_line"": ""- **WBS-17.2** ADR creation + lifecycle API + UI: MADR-lite form; status transitions; supersession chain; immutability. Realizes FR-099–FR-109. (BL-107 / EPIC-17)."", ""source"": ""planning/work-breakdown.md:278""}}",
WBS-17.3,WBS-17.3 ADR repository view: FTS on ADR content; filterable by status/date/author/stream. Realizes FR-099–FR-109. (BL-108 / EPIC-17).,WBS-17,,,,Approved,,,,,"{""v1"": {""raw_line"": ""- **WBS-17.3** ADR repository view: FTS on ADR content; filterable by status/date/author/stream. Realizes FR-099–FR-109. (BL-108 / EPIC-17)."", ""source"": ""planning/work-breakdown.md:279""}}",
WBS-17.4,WBS-17.4 Decision→ADR promotion: pre-fill from decision; bidirectional traceability link. Realizes FR-099–FR-109 (incl. FR-068 promotion link). (BL-109 / EPIC-17).,WBS-17,,,,Approved,,,,,"{""v1"": {""raw_line"": ""- **WBS-17.4** Decision→ADR promotion: pre-fill from decision; bidirectional traceability link. Realizes FR-099–FR-109 (incl. FR-068 promotion link). (BL-109 / EPIC-17)."", ""source"": ""planning/work-breakdown.md:280""}}",
WBS-17.5,"WBS-17.5 Architecture Invariant entity + migration: AIV-…; category, scope, statement, rationale, owner; lifecycle. Realizes FR-099–FR-109. (BL-110 / EPIC-17).",WBS-17,,,,Approved,,,,,"{""v1"": {""raw_line"": ""- **WBS-17.5** Architecture Invariant entity + migration: `AIV-…`; category, scope, statement, rationale, owner; lifecycle. Realizes FR-099–FR-109. (BL-110 / EPIC-17)."", ""source"": ""planning/work-breakdown.md:281""}}",
WBS-17.6,WBS-17.6 Invariant creation + lifecycle + violation recording API + UI; invariant list with violation count. Realizes FR-099–FR-109. (BL-111 / EPIC-17).,WBS-17,,,,Approved,,,,,"{""v1"": {""raw_line"": ""- **WBS-17.6** Invariant creation + lifecycle + violation recording API + UI; invariant list with violation count. Realizes FR-099–FR-109. (BL-111 / EPIC-17)."", ""source"": ""planning/work-breakdown.md:282""}}",
WBS-17.7,WBS-17.7 Invariant exception request workflow: submit → Secretary review → Chairman approval. Realizes FR-110 (PH-3). (BL-207 / EPIC-17).,WBS-17,,,,Approved,,,,,"{""v1"": {""raw_line"": ""- **WBS-17.7** Invariant exception request workflow: submit → Secretary review → Chairman approval. Realizes FR-110 (PH-3). (BL-207 / EPIC-17)."", ""source"": ""planning/work-breakdown.md:283""}}",
WBS-18,Tarseem Diagram Management,,PH-2,,L,Deferred,,,,,"{""v1"": {""EPIC"": ""EPIC-18"", ""Title"": ""Tarseem Diagram Management"", ""Module(s)"": ""Diagrams"", ""Size"": ""L"", ""WBS group"": ""WBS-18"", ""Leaves"": ""WBS-18.1 – WBS-18.6"", ""Phase"": ""2""}}",
WBS-18.1,WBS-18.1 Tarseem container: FastAPI wrapper around tarseem.generate(); internal HTTP endpoint; wired in Docker Compose. Realizes FR-121–FR-128. (BL-101 / EPIC-18).,WBS-18,,,,Deferred,,,,,"{""v1"": {""raw_line"": ""- **WBS-18.1** Tarseem container: FastAPI wrapper around `tarseem.generate()`; internal HTTP endpoint; wired in Docker Compose. Realizes FR-121–FR-128. (BL-101 / EPIC-18)."", ""source"": ""planning/work-breakdown.md:291""}}",
WBS-18.2,WBS-18.2 Diagram entity + migration: DGM-…; JSON spec column; spec hash; engine version; status. Realizes FR-121–FR-128. (BL-102 / EPIC-18).,WBS-18,,,,Deferred,,,,,"{""v1"": {""raw_line"": ""- **WBS-18.2** Diagram entity + migration: `DGM-…`; JSON spec column; spec hash; engine version; status. Realizes FR-121–FR-128. (BL-102 / EPIC-18)."", ""source"": ""planning/work-breakdown.md:292""}}",
WBS-18.3,WBS-18.3 Diagram render pipeline: Hangfire job → Tarseem sidecar → store artifacts via IFileStore; record spec hash. Realizes FR-121–FR-128. (BL-103 / EPIC-18).,WBS-18,,,,Deferred,,,,,"{""v1"": {""raw_line"": ""- **WBS-18.3** Diagram render pipeline: Hangfire job → Tarseem sidecar → store artifacts via `IFileStore`; record spec hash. Realizes FR-121–FR-128. (BL-103 / EPIC-18)."", ""source"": ""planning/work-breakdown.md:293""}}",
WBS-18.4,"WBS-18.4 Diagram error surface: Tarseem error list (code, path, message, hint) shown to author; no silent failures. Realizes FR-121–FR-128. (BL-104 / EPIC-18).",WBS-18,,,,Deferred,,,,,"{""v1"": {""raw_line"": ""- **WBS-18.4** Diagram error surface: Tarseem error list (code, path, message, hint) shown to author; no silent failures. Realizes FR-121–FR-128. (BL-104 / EPIC-18)."", ""source"": ""planning/work-breakdown.md:294""}}",
WBS-18.5,WBS-18.5 Diagram version history + export: spec diff; all format downloads (SVG/PNG/PDF/draw.io/PPTX). Realizes FR-121–FR-128. (BL-105 / EPIC-18).,WBS-18,,,,Deferred,,,,,"{""v1"": {""raw_line"": ""- **WBS-18.5** Diagram version history + export: spec diff; all format downloads (SVG/PNG/PDF/draw.io/PPTX). Realizes FR-121–FR-128. (BL-105 / EPIC-18)."", ""source"": ""planning/work-breakdown.md:295""}}",
WBS-18.6,WBS-18.6 Diagram attachment to topics/ADRs/decisions via traceability relationship model. Realizes FR-121–FR-128. (BL-134 / EPIC-18).,WBS-18,,,,Deferred,,,,,"{""v1"": {""raw_line"": ""- **WBS-18.6** Diagram attachment to topics/ADRs/decisions via traceability relationship model. Realizes FR-121–FR-128. (BL-134 / EPIC-18)."", ""source"": ""planning/work-breakdown.md:296""}}",
WBS-19,Research & Keystone Integration + Knowledge,,PH-2,,L,Approved,,,,,"{""v1"": {""EPIC"": ""EPIC-19"", ""Title"": ""Research & Keystone Integration + Knowledge"", ""Module(s)"": ""Research / Knowledge"", ""Size"": ""L"", ""WBS group"": ""WBS-19"", ""Leaves"": ""WBS-19.1 – WBS-19.7"", ""Phase"": ""2""}}",
WBS-19.1,"WBS-19.1 Research Mission entity + migration: RMS-…; title, description, linked topic, Keystone package ref, status. Realizes FR-111–FR-120. (BL-115 / EPIC-19).",WBS-19,,,,Approved,,,,,"{""v1"": {""raw_line"": ""- **WBS-19.1** Research Mission entity + migration: `RMS-…`; title, description, linked topic, Keystone package ref, status. Realizes FR-111–FR-120. (BL-115 / EPIC-19)."", ""source"": ""planning/work-breakdown.md:304""}}",
WBS-19.2,"WBS-19.2 Keystone import tool: parse package manifest → Finding (FND-…), Recommendation (REC-…), Risk (RSK-…). Realizes FR-111–FR-120. (BL-116 / EPIC-19).",WBS-19,,,,Deferred,,,,,"{""v1"": {""raw_line"": ""- **WBS-19.2** Keystone import tool: parse package manifest → Finding (`FND-…`), Recommendation (`REC-…`), Risk (`RSK-…`). Realizes FR-111–FR-120. (BL-116 / EPIC-19)."", ""source"": ""planning/work-breakdown.md:305""}}",
WBS-19.3,WBS-19.3 Research Mission detail page + traceability links. Realizes FR-111–FR-120. (BL-117 / EPIC-19).,WBS-19,,,,Approved,,,,,"{""v1"": {""raw_line"": ""- **WBS-19.3** Research Mission detail page + traceability links. Realizes FR-111–FR-120. (BL-117 / EPIC-19)."", ""source"": ""planning/work-breakdown.md:306""}}",
WBS-19.4,"WBS-19.4 Wiki page entity + migration: DOC-…; Markdown content, category, versioned. Realizes FR-111–FR-120. (BL-118 / EPIC-19).",WBS-19,,,,Approved,,,,,"{""v1"": {""raw_line"": ""- **WBS-19.4** Wiki page entity + migration: `DOC-…`; Markdown content, category, versioned. Realizes FR-111–FR-120. (BL-118 / EPIC-19)."", ""source"": ""planning/work-breakdown.md:307""}}",
WBS-19.5,WBS-19.5 Wiki editor UI: Markdown editor with preview; version history; diff view; add to FTS index. Realizes FR-111–FR-120. (BL-119 / EPIC-19).,WBS-19,,,,Approved,,,,,"{""v1"": {""raw_line"": ""- **WBS-19.5** Wiki editor UI: Markdown editor with preview; version history; diff view; add to FTS index. Realizes FR-111–FR-120. (BL-119 / EPIC-19)."", ""source"": ""planning/work-breakdown.md:308""}}",
WBS-19.6,WBS-19.6 Template entity + migration: TPL-…; Markdown template with placeholder fields; artifact type tag. Realizes FR-111–FR-120 (incl. FR-041 topic templates). (BL-120 / EPIC-19).,WBS-19,,,,Approved,,,,,"{""v1"": {""raw_line"": ""- **WBS-19.6** Template entity + migration: `TPL-…`; Markdown template with placeholder fields; artifact type tag. Realizes FR-111–FR-120 (incl. FR-041 topic templates). (BL-120 / EPIC-19)."", ""source"": ""planning/work-breakdown.md:309""}}",
WBS-19.7,WBS-19.7 Template selection at artifact creation: pre-fills description/content field; editable. Realizes FR-111–FR-120 (incl. FR-041 topic templates). (BL-121 / EPIC-19).,WBS-19,,,,Approved,,,,,"{""v1"": {""raw_line"": ""- **WBS-19.7** Template selection at artifact creation: pre-fills description/content field; editable. Realizes FR-111–FR-120 (incl. FR-041 topic templates). (BL-121 / EPIC-19)."", ""source"": ""planning/work-breakdown.md:310""}}",
WBS-2,Identity & Access Management,,PH-1,,L,Approved,,,,,"{""v1"": {""EPIC"": ""EPIC-02"", ""Title"": ""Identity & Access Management"", ""Module(s)"": ""Platform / Membership"", ""Size"": ""L"", ""WBS group"": ""WBS-2"", ""Leaves"": ""WBS-2.1 – WBS-2.6"", ""Phase"": ""1""}}",
WBS-2.1,"WBS-2.1 OIDC authorization-code + PKCE flow: Keycloak integration; token validation middleware; silent renew; logout. Realizes FR-001–FR-002, FR-016, FR-018, FR-022, FR-024. (BL-017 / EPIC-02).",WBS-2,,,,Approved,,,,,"{""v1"": {""raw_line"": ""- **WBS-2.1** OIDC authorization-code + PKCE flow: Keycloak integration; token validation middleware; silent renew; logout. Realizes FR-001–FR-002, FR-016, FR-018, FR-022, FR-024. (BL-017 / EPIC-02)."", ""source"": ""planning/work-breakdown.md:78""}}",
WBS-2.2,"WBS-2.2 Auth service adapter: config-driven switch between Keycloak and legacy org auth. Realizes FR-001–FR-002, FR-016, FR-018, FR-022, FR-024. (BL-018 / EPIC-02).",WBS-2,,,,Approved,,,,,"{""v1"": {""raw_line"": ""- **WBS-2.2** Auth service adapter: config-driven switch between Keycloak and legacy org auth. Realizes FR-001–FR-002, FR-016, FR-018, FR-022, FR-024. (BL-018 / EPIC-02)."", ""source"": ""planning/work-breakdown.md:79""}}",
WBS-2.3,"WBS-2.3 Keycloak claim parser: group/realm-role claims → ACMP canonical roles. Realizes FR-001–FR-002, FR-016, FR-018, FR-022, FR-024. (BL-019 / EPIC-02).",WBS-2,,,,Approved,,,,,"{""v1"": {""raw_line"": ""- **WBS-2.3** Keycloak claim parser: group/realm-role claims → ACMP canonical roles. Realizes FR-001–FR-002, FR-016, FR-018, FR-022, FR-024. (BL-019 / EPIC-02)."", ""source"": ""planning/work-breakdown.md:80""}}",
WBS-2.4,"WBS-2.4 ASP.NET Core policy-based authorization: role policies per endpoint; 403 on unauthorized. Realizes FR-001–FR-002, FR-016, FR-018, FR-022, FR-024. (BL-020 / EPIC-02).",WBS-2,,,,Approved,,,,,"{""v1"": {""raw_line"": ""- **WBS-2.4** ASP.NET Core policy-based authorization: role policies per endpoint; 403 on unauthorized. Realizes FR-001–FR-002, FR-016, FR-018, FR-022, FR-024. (BL-020 / EPIC-02)."", ""source"": ""planning/work-breakdown.md:81""}}",
WBS-2.5,"WBS-2.5 Per-topic ABAC capability resolver: Owner/Assignee/Presenter relationship checks. Realizes FR-001–FR-002, FR-016, FR-018, FR-022, FR-024. (BL-021 / EPIC-02).",WBS-2,,,,Approved,,,,,"{""v1"": {""raw_line"": ""- **WBS-2.5** Per-topic ABAC capability resolver: Owner/Assignee/Presenter relationship checks. Realizes FR-001–FR-002, FR-016, FR-018, FR-022, FR-024. (BL-021 / EPIC-02)."", ""source"": ""planning/work-breakdown.md:82""}}",
WBS-2.6,"WBS-2.6 Role-aware navigation: frontend hides unauthorized nav items and action buttons. Realizes FR-001–FR-002, FR-016, FR-018, FR-022, FR-024. (BL-027 / EPIC-02).",WBS-2,,,,Approved,,,,,"{""v1"": {""raw_line"": ""- **WBS-2.6** Role-aware navigation: frontend hides unauthorized nav items and action buttons. Realizes FR-001–FR-002, FR-016, FR-018, FR-022, FR-024. (BL-027 / EPIC-02)."", ""source"": ""planning/work-breakdown.md:83""}}",
WBS-20,AI & Advanced Analytics,,PH-3,,M,Approved,,,,,"{""v1"": {""EPIC"": ""EPIC-20"", ""Title"": ""AI & Advanced Analytics"", ""Module(s)"": ""Meetings / Reporting"", ""Size"": ""M"", ""WBS group"": ""WBS-20"", ""Leaves"": ""WBS-20.1 – WBS-20.5"", ""Phase"": ""3""}}",
WBS-20.1,WBS-20.1 Transcript FTS index: SQL Server FTS on transcript content; search restricted to Chairman/Secretary/Auditor. Realizes FR-059–FR-060. (BL-201 / EPIC-20).,WBS-20,,,,Approved,,,,,"{""v1"": {""raw_line"": ""- **WBS-20.1** Transcript FTS index: SQL Server FTS on transcript content; search restricted to Chairman/Secretary/Auditor. Realizes FR-059–FR-060. (BL-201 / EPIC-20)."", ""source"": ""planning/work-breakdown.md:318""}}",
WBS-20.2,WBS-20.2 AI candidate extraction: Secretary-triggered; configurable LLM endpoint; draft candidates; approval gate; off by default. Realizes FR-059–FR-060. (BL-202 / EPIC-20).,WBS-20,,,,Approved,,,,,"{""v1"": {""raw_line"": ""- **WBS-20.2** AI candidate extraction: Secretary-triggered; configurable LLM endpoint; draft candidates; approval gate; off by default. Realizes FR-059–FR-060. (BL-202 / EPIC-20)."", ""source"": ""planning/work-breakdown.md:319""}}",
WBS-20.3,WBS-20.3 AI extraction feature flag + privacy gate: Admin activation only; data-residency confirmation stored; activation log. Realizes FR-059–FR-060. (BL-203 / EPIC-20).,WBS-20,,,,Approved,,,,,"{""v1"": {""raw_line"": ""- **WBS-20.3** AI extraction feature flag + privacy gate: Admin activation only; data-residency confirmation stored; activation log. Realizes FR-059–FR-060. (BL-203 / EPIC-20)."", ""source"": ""planning/work-breakdown.md:320""}}",
WBS-20.4,WBS-20.4 Email adapter: INotificationChannel via SMTP; zero change to dispatch call site; activated by config. Realizes FR-130 (email items). (BL-204 / EPIC-20).,WBS-20,,,,Approved,,,,,"{""v1"": {""raw_line"": ""- **WBS-20.4** Email adapter: `INotificationChannel` via SMTP; zero change to dispatch call site; activated by config. Realizes FR-130 (email items). (BL-204 / EPIC-20)."", ""source"": ""planning/work-breakdown.md:321""}}",
WBS-20.5,"WBS-20.5 KPI/health dashboard: avg topic-to-decision days, action SLA %, backlog age distribution, vote-to-ratification time; configurable thresholds. Realizes FR-141 (PH-3). (BL-205 / EPIC-20).",WBS-20,,,,Approved,,,,,"{""v1"": {""raw_line"": ""- **WBS-20.5** KPI/health dashboard: avg topic-to-decision days, action SLA %, backlog age distribution, vote-to-ratification time; configurable thresholds. Realizes FR-141 (PH-3). (BL-205 / EPIC-20)."", ""source"": ""planning/work-breakdown.md:322""}}",
WBS-3,Membership & User Management,,PH-1,,M,Approved,,,,,"{""v1"": {""EPIC"": ""EPIC-03"", ""Title"": ""Membership & User Management"", ""Module(s)"": ""Membership"", ""Size"": ""M"", ""WBS group"": ""WBS-3"", ""Leaves"": ""WBS-3.1 – WBS-3.6"", ""Phase"": ""1–2""}}",
WBS-3.1,"WBS-3.1 User entity + migration: name, email, streams, deactivated flag; seeded on first-login from OIDC claims. Realizes FR-016–FR-021. (BL-022 / EPIC-03).",WBS-3,,,,Approved,,,,,"{""v1"": {""raw_line"": ""- **WBS-3.1** User entity + migration: name, email, streams, deactivated flag; seeded on first-login from OIDC claims. Realizes FR-016–FR-021. (BL-022 / EPIC-03)."", ""source"": ""planning/work-breakdown.md:91""}}",
WBS-3.2,"WBS-3.2 Administrator: create user (name, email, stream assignment); no self-registration endpoint. Realizes FR-016–FR-021. (BL-023 / EPIC-03).",WBS-3,,,,Approved,,,,,"{""v1"": {""raw_line"": ""- **WBS-3.2** Administrator: create user (name, email, stream assignment); no self-registration endpoint. Realizes FR-016–FR-021. (BL-023 / EPIC-03)."", ""source"": ""planning/work-breakdown.md:92""}}",
WBS-3.3,WBS-3.3 Stream entity + migration; stream assignment multi-select; stream filter context propagated. Realizes FR-016–FR-021. (BL-024 / EPIC-03).,WBS-3,,,,Approved,,,,,"{""v1"": {""raw_line"": ""- **WBS-3.3** Stream entity + migration; stream assignment multi-select; stream filter context propagated. Realizes FR-016–FR-021. (BL-024 / EPIC-03)."", ""source"": ""planning/work-breakdown.md:93""}}",
WBS-3.4,WBS-3.4 User deactivation: blocks login; historical records intact and attributed. Realizes FR-016–FR-021. (BL-025 / EPIC-03).,WBS-3,,,,Approved,,,,,"{""v1"": {""raw_line"": ""- **WBS-3.4** User deactivation: blocks login; historical records intact and attributed. Realizes FR-016–FR-021. (BL-025 / EPIC-03)."", ""source"": ""planning/work-breakdown.md:94""}}",
WBS-3.5,"WBS-3.5 Member directory UI: paginated active users with name, role, streams, email. Realizes FR-016–FR-021. (BL-026 / EPIC-03).",WBS-3,,,,Approved,,,,,"{""v1"": {""raw_line"": ""- **WBS-3.5** Member directory UI: paginated active users with name, role, streams, email. Realizes FR-016–FR-021. (BL-026 / EPIC-03)."", ""source"": ""planning/work-breakdown.md:95""}}",
WBS-3.6,WBS-3.6 Guest/Presenter time-boxed invitation: view-only scoped to meeting/topic; auto-expire. Realizes FR-023 (PH-2). (BL-126 / EPIC-03).,WBS-3,,,,Approved,,,,,"{""v1"": {""raw_line"": ""- **WBS-3.6** Guest/Presenter time-boxed invitation: view-only scoped to meeting/topic; auto-expire. Realizes FR-023 (PH-2). (BL-126 / EPIC-03)."", ""source"": ""planning/work-breakdown.md:96""}}",
WBS-4,Topic Intake & Lifecycle,,PH-1,,XL,Approved,,,,,"{""v1"": {""EPIC"": ""EPIC-04"", ""Title"": ""Topic Intake & Lifecycle"", ""Module(s)"": ""Topics"", ""Size"": ""XL"", ""WBS group"": ""WBS-4"", ""Leaves"": ""WBS-4.1 – WBS-4.12"", ""Phase"": ""1–3""}}",
WBS-4.1,"WBS-4.1 Topic entity + migration: all fields; TOP-YYYY-### ID generation. Realizes FR-025–FR-029, FR-038–FR-040, FR-042–FR-044. (BL-028 / EPIC-04).",WBS-4,,,,Approved,,,,,"{""v1"": {""raw_line"": ""- **WBS-4.1** Topic entity + migration: all fields; `TOP-YYYY-###` ID generation. Realizes FR-025–FR-029, FR-038–FR-040, FR-042–FR-044. (BL-028 / EPIC-04)."", ""source"": ""planning/work-breakdown.md:104""}}",
WBS-4.10,WBS-4.10 Topic conversion workflow: convert to/from ADR/Research Mission; typed link; Converted status. Realizes FR-030 (PH-2). (BL-136 / EPIC-04).,WBS-4,,,,Approved,,,,,"{""v1"": {""raw_line"": ""- **WBS-4.10** Topic conversion workflow: convert to/from ADR/Research Mission; typed link; Converted status. Realizes FR-030 (PH-2). (BL-136 / EPIC-04)."", ""source"": ""planning/work-breakdown.md:113""}}",
WBS-4.11,WBS-4.11 Topic Reopen: Secretary reopens Closed/Rejected topic with recorded reason; re-enters triage. Realizes FR-045 (PH-2). (BL-137 / EPIC-04).,WBS-4,,,,Approved,,,,,"{""v1"": {""raw_line"": ""- **WBS-4.11** Topic Reopen: Secretary reopens Closed/Rejected topic with recorded reason; re-enters triage. Realizes FR-045 (PH-2). (BL-137 / EPIC-04)."", ""source"": ""planning/work-breakdown.md:114""}}",
WBS-4.12,"WBS-4.12 Bulk topic operations: Secretary defers/reassigns multiple topics at once. Realizes D-10 (bulk topic operations — deferred item, no dedicated FR; PH-3). (BL-208 / EPIC-04).",WBS-4,,,,Deferred,,,,,"{""v1"": {""raw_line"": ""- **WBS-4.12** Bulk topic operations: Secretary defers/reassigns multiple topics at once. Realizes D-10 (bulk topic operations — deferred item, no dedicated FR; PH-3). (BL-208 / EPIC-04)."", ""source"": ""planning/work-breakdown.md:115""}}",
WBS-4.2,"WBS-4.2 Topic submission API + UI: required-field validation (EN+AR); attachment upload via IFileStore. Realizes FR-025–FR-029, FR-038–FR-040, FR-042–FR-044. (BL-029 / EPIC-04).",WBS-4,,,,Approved,,,,,"{""v1"": {""raw_line"": ""- **WBS-4.2** Topic submission API + UI: required-field validation (EN+AR); attachment upload via `IFileStore`. Realizes FR-025–FR-029, FR-038–FR-040, FR-042–FR-044. (BL-029 / EPIC-04)."", ""source"": ""planning/work-breakdown.md:105""}}",
WBS-4.3,"WBS-4.3 Topic status state machine: transitions enforced; immutable rejection/deferral event recording. Realizes FR-025–FR-029, FR-038–FR-040, FR-042–FR-044. (BL-030 / EPIC-04).",WBS-4,,,,Approved,,,,,"{""v1"": {""raw_line"": ""- **WBS-4.3** Topic status state machine: transitions enforced; immutable rejection/deferral event recording. Realizes FR-025–FR-029, FR-038–FR-040, FR-042–FR-044. (BL-030 / EPIC-04)."", ""source"": ""planning/work-breakdown.md:106""}}",
WBS-4.4,"WBS-4.4 Topic triage workflow: Secretary accept/reject (mandatory rationale)/defer (mandatory reason + date). Realizes FR-025–FR-029, FR-038–FR-040, FR-042–FR-044. (BL-031 / EPIC-04).",WBS-4,,,,Approved,,,,,"{""v1"": {""raw_line"": ""- **WBS-4.4** Topic triage workflow: Secretary accept/reject (mandatory rationale)/defer (mandatory reason + date). Realizes FR-025–FR-029, FR-038–FR-040, FR-042–FR-044. (BL-031 / EPIC-04)."", ""source"": ""planning/work-breakdown.md:107""}}",
WBS-4.5,"WBS-4.5 Topic edit lock: Owner/Secretary in Draft/Submitted/Triage; post-Accepted metadata-only for Secretary. Realizes FR-025–FR-029, FR-038–FR-040, FR-042–FR-044. (BL-032 / EPIC-04).",WBS-4,,,,Approved,,,,,"{""v1"": {""raw_line"": ""- **WBS-4.5** Topic edit lock: Owner/Secretary in Draft/Submitted/Triage; post-Accepted metadata-only for Secretary. Realizes FR-025–FR-029, FR-038–FR-040, FR-042–FR-044. (BL-032 / EPIC-04)."", ""source"": ""planning/work-breakdown.md:108""}}",
WBS-4.6,"WBS-4.6 Topic comment thread: timestamped, attributed, immutable after post. Realizes FR-025–FR-029, FR-038–FR-040, FR-042–FR-044. (BL-033 / EPIC-04).",WBS-4,,,,Approved,,,,,"{""v1"": {""raw_line"": ""- **WBS-4.6** Topic comment thread: timestamped, attributed, immutable after post. Realizes FR-025–FR-029, FR-038–FR-040, FR-042–FR-044. (BL-033 / EPIC-04)."", ""source"": ""planning/work-breakdown.md:109""}}",
WBS-4.7,"WBS-4.7 Topic detail page: all fields, status history with actors/timestamps, linked artifacts, traceability excerpt. Realizes FR-025–FR-029, FR-038–FR-040, FR-042–FR-044. (BL-034 / EPIC-04).",WBS-4,,,,Approved,,,,,"{""v1"": {""raw_line"": ""- **WBS-4.7** Topic detail page: all fields, status history with actors/timestamps, linked artifacts, traceability excerpt. Realizes FR-025–FR-029, FR-038–FR-040, FR-042–FR-044. (BL-034 / EPIC-04)."", ""source"": ""planning/work-breakdown.md:110""}}",
WBS-4.8,"WBS-4.8 Aging indicator: background Hangfire SLA evaluation (thresholds — Critical: 3d, Urgent: 7d, Normal: 21d [unverified — OQ-SLA-URGENCY]); visual badge + Secretary notification. Realizes FR-025–F",WBS-4,,,,Approved,,,,,"{""v1"": {""raw_line"": ""- **WBS-4.8** Aging indicator: background Hangfire SLA evaluation (thresholds — Critical: 3d, Urgent: 7d, Normal: 21d [unverified — OQ-SLA-URGENCY]); visual badge + Secretary notification. Realizes FR-025–FR-029, FR-038–FR-040, FR-042–FR-044. (BL-035 / EPIC-04)."", ""source"": ""planning/work-breakdown.md:111""}}",
WBS-4.9,"WBS-4.9 Prepared + Scheduled status transitions: Secretary marks Prepared; schedules to a meeting. Realizes FR-025–FR-029, FR-038–FR-040, FR-042–FR-044. (BL-036 / EPIC-04).",WBS-4,,,,Approved,,,,,"{""v1"": {""raw_line"": ""- **WBS-4.9** Prepared + Scheduled status transitions: Secretary marks Prepared; schedules to a meeting. Realizes FR-025–FR-029, FR-038–FR-040, FR-042–FR-044. (BL-036 / EPIC-04)."", ""source"": ""planning/work-breakdown.md:112""}}",
WBS-5,Backlog Management,,PH-1,,L,Approved,,,,,"{""v1"": {""EPIC"": ""EPIC-05"", ""Title"": ""Backlog Management"", ""Module(s)"": ""Topics"", ""Size"": ""L"", ""WBS group"": ""WBS-5"", ""Leaves"": ""WBS-5.1 – WBS-5.7"", ""Phase"": ""1–2""}}",
WBS-5.1,"WBS-5.1 Backlog list view: badges, status, owner, streams, dates; server-side sort/filter. Realizes FR-031–FR-035, FR-037–FR-038. (BL-037 / EPIC-05).",WBS-5,,,,Approved,,,,,"{""v1"": {""raw_line"": ""- **WBS-5.1** Backlog list view: badges, status, owner, streams, dates; server-side sort/filter. Realizes FR-031–FR-035, FR-037–FR-038. (BL-037 / EPIC-05)."", ""source"": ""planning/work-breakdown.md:123""}}",
WBS-5.2,"WBS-5.2 Backlog table/dense view: all fields as columns; user-configurable column visibility/order. Realizes FR-031–FR-035, FR-037–FR-038. (BL-038 / EPIC-05).",WBS-5,,,,Approved,,,,,"{""v1"": {""raw_line"": ""- **WBS-5.2** Backlog table/dense view: all fields as columns; user-configurable column visibility/order. Realizes FR-031–FR-035, FR-037–FR-038. (BL-038 / EPIC-05)."", ""source"": ""planning/work-breakdown.md:124""}}",
WBS-5.3,"WBS-5.3 Backlog kanban view: status columns; @dnd-kit DnD within/between columns with permission check. Realizes FR-031–FR-035, FR-037–FR-038. (BL-039 / EPIC-05).",WBS-5,,,,Approved,,,,,"{""v1"": {""raw_line"": ""- **WBS-5.3** Backlog kanban view: status columns; `@dnd-kit` DnD within/between columns with permission check. Realizes FR-031–FR-035, FR-037–FR-038. (BL-039 / EPIC-05)."", ""source"": ""planning/work-breakdown.md:125""}}",
WBS-5.4,"WBS-5.4 Backlog calendar view: topics by scheduled meeting date; monthly + weekly layout. Realizes FR-031–FR-035, FR-037–FR-038. (BL-040 / EPIC-05).",WBS-5,,,,Approved,,,,,"{""v1"": {""raw_line"": ""- **WBS-5.4** Backlog calendar view: topics by scheduled meeting date; monthly + weekly layout. Realizes FR-031–FR-035, FR-037–FR-038. (BL-040 / EPIC-05)."", ""source"": ""planning/work-breakdown.md:126""}}",
WBS-5.5,"WBS-5.5 DnD reprioritization: explicit ordinal stored; keyboard-accessible move-up/down alternative (WCAG 2.2 AA). Realizes FR-031–FR-035, FR-037–FR-038. (BL-041 / EPIC-05).",WBS-5,,,,Approved,,,,,"{""v1"": {""raw_line"": ""- **WBS-5.5** DnD reprioritization: explicit ordinal stored; keyboard-accessible move-up/down alternative (WCAG 2.2 AA). Realizes FR-031–FR-035, FR-037–FR-038. (BL-041 / EPIC-05)."", ""source"": ""planning/work-breakdown.md:127""}}",
WBS-5.6,"WBS-5.6 Aging indicators on all backlog views: badge, color, tooltip with SLA deadline. Realizes FR-031–FR-035, FR-037–FR-038. (BL-042 / EPIC-05).",WBS-5,,,,Approved,,,,,"{""v1"": {""raw_line"": ""- **WBS-5.6** Aging indicators on all backlog views: badge, color, tooltip with SLA deadline. Realizes FR-031–FR-035, FR-037–FR-038. (BL-042 / EPIC-05)."", ""source"": ""planning/work-breakdown.md:128""}}",
WBS-5.7,WBS-5.7 Timeline/Gantt-lite view: topic date bars; pan/zoom. Realizes FR-036 (PH-2). (BL-128 / EPIC-05).,WBS-5,,,,Deferred,,,,,"{""v1"": {""raw_line"": ""- **WBS-5.7** Timeline/Gantt-lite view: topic date bars; pan/zoom. Realizes FR-036 (PH-2). (BL-128 / EPIC-05)."", ""source"": ""planning/work-breakdown.md:129""}}",
WBS-6,Agenda & Meeting Management,,PH-1,,L,Approved,,,,,"{""v1"": {""EPIC"": ""EPIC-06"", ""Title"": ""Agenda & Meeting Management"", ""Module(s)"": ""Meetings"", ""Size"": ""L"", ""WBS group"": ""WBS-6"", ""Leaves"": ""WBS-6.1 – WBS-6.11"", ""Phase"": ""1–2""}}",
WBS-6.1,"WBS-6.1 Meeting record entity + migration: MTG-YYYY-###; date, time, type, mode, agenda reference. Realizes FR-046–FR-052, FR-056, FR-061. (BL-043 / EPIC-06).",WBS-6,,,,Approved,,,,,"{""v1"": {""raw_line"": ""- **WBS-6.1** Meeting record entity + migration: `MTG-YYYY-###`; date, time, type, mode, agenda reference. Realizes FR-046–FR-052, FR-056, FR-061. (BL-043 / EPIC-06)."", ""source"": ""planning/work-breakdown.md:137""}}",
WBS-6.10,WBS-6.10 Webex recording metadata retrieval: Hangfire post-meeting; store title/duration/downloadUrl. Realizes FR-057 (PH-2). (BL-113 / EPIC-06).,WBS-6,,,,Deferred,,,,,"{""v1"": {""raw_line"": ""- **WBS-6.10** Webex recording metadata retrieval: Hangfire post-meeting; store title/duration/downloadUrl. Realizes FR-057 (PH-2). (BL-113 / EPIC-06)."", ""source"": ""planning/work-breakdown.md:146""}}",
WBS-6.11,WBS-6.11 Webex transcript retrieval: Transcripts API + snippets; stored linked to meeting; access-restricted. Realizes FR-058 (PH-2). (BL-114 / EPIC-06).,WBS-6,,,,Deferred,,,,,"{""v1"": {""raw_line"": ""- **WBS-6.11** Webex transcript retrieval: Transcripts API + snippets; stored linked to meeting; access-restricted. Realizes FR-058 (PH-2). (BL-114 / EPIC-06)."", ""source"": ""planning/work-breakdown.md:147""}}",
WBS-6.2,"WBS-6.2 Agenda entity + migration: AGN-YYYY-###; ordered items with time-box, presenter assignment. Realizes FR-046–FR-052, FR-056, FR-061. (BL-044 / EPIC-06).",WBS-6,,,,Approved,,,,,"{""v1"": {""raw_line"": ""- **WBS-6.2** Agenda entity + migration: `AGN-YYYY-###`; ordered items with time-box, presenter assignment. Realizes FR-046–FR-052, FR-056, FR-061. (BL-044 / EPIC-06)."", ""source"": ""planning/work-breakdown.md:138""}}",
WBS-6.3,"WBS-6.3 Agenda creation UI: select Scheduled topics; DnD + keyboard alternative; time-box; presenter assign. Realizes FR-046–FR-052, FR-056, FR-061. (BL-045 / EPIC-06).",WBS-6,,,,Approved,,,,,"{""v1"": {""raw_line"": ""- **WBS-6.3** Agenda creation UI: select Scheduled topics; DnD + keyboard alternative; time-box; presenter assign. Realizes FR-046–FR-052, FR-056, FR-061. (BL-045 / EPIC-06)."", ""source"": ""planning/work-breakdown.md:139""}}",
WBS-6.4,"WBS-6.4 Carry-over auto-suggest: unresolved items from previous meeting surfaced on new agenda. Realizes FR-046–FR-052, FR-056, FR-061. (BL-046 / EPIC-06).",WBS-6,,,,Approved,,,,,"{""v1"": {""raw_line"": ""- **WBS-6.4** Carry-over auto-suggest: unresolved items from previous meeting surfaced on new agenda. Realizes FR-046–FR-052, FR-056, FR-061. (BL-046 / EPIC-06)."", ""source"": ""planning/work-breakdown.md:140""}}",
WBS-6.5,"WBS-6.5 Agenda publish: API + Hangfire notification dispatch; in-app notification to all members with deep link. Realizes FR-046–FR-052, FR-056, FR-061. (BL-047 / EPIC-06).",WBS-6,,,,Approved,,,,,"{""v1"": {""raw_line"": ""- **WBS-6.5** Agenda publish: API + Hangfire notification dispatch; in-app notification to all members with deep link. Realizes FR-046–FR-052, FR-056, FR-061. (BL-047 / EPIC-06)."", ""source"": ""planning/work-breakdown.md:141""}}",
WBS-6.6,"WBS-6.6 Attendance tracking: Secretary marks Present/Absent/Remote per member; quorum context. Realizes FR-046–FR-052, FR-056, FR-061. (BL-048 / EPIC-06).",WBS-6,,,,Approved,,,,,"{""v1"": {""raw_line"": ""- **WBS-6.6** Attendance tracking: Secretary marks Present/Absent/Remote per member; quorum context. Realizes FR-046–FR-052, FR-056, FR-061. (BL-048 / EPIC-06)."", ""source"": ""planning/work-breakdown.md:142""}}",
WBS-6.7,"WBS-6.7 Live meeting notes: free-text Markdown per agenda item; auto-save debounce ≤2s. Realizes FR-046–FR-052, FR-056, FR-061. (BL-049 / EPIC-06).",WBS-6,,,,Approved,,,,,"{""v1"": {""raw_line"": ""- **WBS-6.7** Live meeting notes: free-text Markdown per agenda item; auto-save debounce ≤2s. Realizes FR-046–FR-052, FR-056, FR-061. (BL-049 / EPIC-06)."", ""source"": ""planning/work-breakdown.md:143""}}",
WBS-6.8,"WBS-6.8 Manual recording attachment: Secretary pastes link or uploads file to meeting record. Realizes FR-046–FR-052, FR-056, FR-061. (BL-050 / EPIC-06).",WBS-6,,,,Approved,,,,,"{""v1"": {""raw_line"": ""- **WBS-6.8** Manual recording attachment: Secretary pastes link or uploads file to meeting record. Realizes FR-046–FR-052, FR-056, FR-061. (BL-050 / EPIC-06)."", ""source"": ""planning/work-breakdown.md:144""}}",
WBS-6.9,"WBS-6.9 Meeting calendar view: past + upcoming meetings with status badges. Realizes FR-046–FR-052, FR-056, FR-061. (BL-051 / EPIC-06).",WBS-6,,,,Approved,,,,,"{""v1"": {""raw_line"": ""- **WBS-6.9** Meeting calendar view: past + upcoming meetings with status badges. Realizes FR-046–FR-052, FR-056, FR-061. (BL-051 / EPIC-06)."", ""source"": ""planning/work-breakdown.md:145""}}",
WBS-7,Minutes of Meeting (MoM),,PH-1,,M,Approved,,,,,"{""v1"": {""EPIC"": ""EPIC-07"", ""Title"": ""Minutes of Meeting (MoM)"", ""Module(s)"": ""Meetings"", ""Size"": ""M"", ""WBS group"": ""WBS-7"", ""Leaves"": ""WBS-7.1 – WBS-7.4"", ""Phase"": ""1""}}",
WBS-7.1,WBS-7.1 MoM entity + migration: MIN-YYYY-###; versioned content; approval state. Realizes FR-053–FR-055. (BL-053 / EPIC-07).,WBS-7,,,,Approved,,,,,"{""v1"": {""raw_line"": ""- **WBS-7.1** MoM entity + migration: `MIN-YYYY-###`; versioned content; approval state. Realizes FR-053–FR-055. (BL-053 / EPIC-07)."", ""source"": ""planning/work-breakdown.md:155""}}",
WBS-7.2,WBS-7.2 MoM generation: compile attendance + agenda items + notes + decisions + actions into structured Markdown. Realizes FR-053–FR-055. (BL-054 / EPIC-07).,WBS-7,,,,Approved,,,,,"{""v1"": {""raw_line"": ""- **WBS-7.2** MoM generation: compile attendance + agenda items + notes + decisions + actions into structured Markdown. Realizes FR-053–FR-055. (BL-054 / EPIC-07)."", ""source"": ""planning/work-breakdown.md:156""}}",
WBS-7.3,WBS-7.3 MoM versioning + approval workflow: Secretary drafts → Reviewer/Chairman annotate → Chairman approves → locked. Realizes FR-053–FR-055. (BL-055 / EPIC-07).,WBS-7,,,,Approved,,,,,"{""v1"": {""raw_line"": ""- **WBS-7.3** MoM versioning + approval workflow: Secretary drafts → Reviewer/Chairman annotate → Chairman approves → locked. Realizes FR-053–FR-055. (BL-055 / EPIC-07)."", ""source"": ""planning/work-breakdown.md:157""}}",
WBS-7.4,WBS-7.4 MoM distribution: in-app notification to all committee members on approval with deep link. Realizes FR-053–FR-055. (BL-056 / EPIC-07).,WBS-7,,,,Approved,,,,,"{""v1"": {""raw_line"": ""- **WBS-7.4** MoM distribution: in-app notification to all committee members on approval with deep link. Realizes FR-053–FR-055. (BL-056 / EPIC-07)."", ""source"": ""planning/work-breakdown.md:158""}}",
WBS-8,Decision Management,,PH-1,,L,Approved,,,,,"{""v1"": {""EPIC"": ""EPIC-08"", ""Title"": ""Decision Management"", ""Module(s)"": ""Decisions"", ""Size"": ""L"", ""WBS group"": ""WBS-8"", ""Leaves"": ""WBS-8.1 – WBS-8.4"", ""Phase"": ""1""}}",
WBS-8.1,"WBS-8.1 Decision entity + migration: DECN-YYYY-###; outcome enum, rationale, alternatives, conditions, authority, effective date. Realizes FR-062–FR-067, FR-069. (BL-057 / EPIC-08).",WBS-8,,,,Approved,,,,,"{""v1"": {""raw_line"": ""- **WBS-8.1** Decision entity + migration: `DECN-YYYY-###`; outcome enum, rationale, alternatives, conditions, authority, effective date. Realizes FR-062–FR-067, FR-069. (BL-057 / EPIC-08)."", ""source"": ""planning/work-breakdown.md:166""}}",
WBS-8.2,"WBS-8.2 Decision creation API + UI: canonical outcome dropdown; alternatives; conditions; downstream link required before Issued. Realizes FR-062–FR-067, FR-069. (BL-058 / EPIC-08).",WBS-8,,,,Approved,,,,,"{""v1"": {""raw_line"": ""- **WBS-8.2** Decision creation API + UI: canonical outcome dropdown; alternatives; conditions; downstream link required before Issued. Realizes FR-062–FR-067, FR-069. (BL-058 / EPIC-08)."", ""source"": ""planning/work-breakdown.md:167""}}",
WBS-8.3,"WBS-8.3 Decision immutability enforcement: content locked once Issued; corrections via superseding decision; supersession chain. Realizes FR-062–FR-067, FR-069. (BL-059 / EPIC-08).",WBS-8,,,,Approved,,,,,"{""v1"": {""raw_line"": ""- **WBS-8.3** Decision immutability enforcement: content locked once Issued; corrections via superseding decision; supersession chain. Realizes FR-062–FR-067, FR-069. (BL-059 / EPIC-08)."", ""source"": ""planning/work-breakdown.md:168""}}",
WBS-8.4,"WBS-8.4 Decision history list: filterable by outcome, topic, stream, date range, chairman. Realizes FR-062–FR-067, FR-069. (BL-068 / EPIC-08).",WBS-8,,,,Approved,,,,,"{""v1"": {""raw_line"": ""- **WBS-8.4** Decision history list: filterable by outcome, topic, stream, date range, chairman. Realizes FR-062–FR-067, FR-069. (BL-068 / EPIC-08)."", ""source"": ""planning/work-breakdown.md:169""}}",
WBS-9,Voting Engine,,PH-1,,M,Approved,,,,,"{""v1"": {""EPIC"": ""EPIC-09"", ""Title"": ""Voting Engine"", ""Module(s)"": ""Decisions"", ""Size"": ""M"", ""WBS group"": ""WBS-9"", ""Leaves"": ""WBS-9.1 – WBS-9.7"", ""Phase"": ""1–2""}}",
WBS-9.1,"WBS-9.1 Vote entity + migration: VOTE-…; eligible voters, options (Approve/Reject; or Approve/ConditionallyApprove/Reject; or custom), quorum threshold, abstention flag; lifecycle status. Realizes FR-",WBS-9,,,,Approved,,,,,"{""v1"": {""raw_line"": ""- **WBS-9.1** Vote entity + migration: `VOTE-…`; eligible voters, options (Approve/Reject; or Approve/ConditionallyApprove/Reject; or custom), quorum threshold, abstention flag; lifecycle status. Realizes FR-070–FR-075, FR-077–FR-078. (BL-060 / EPIC-09)."", ""source"": ""planning/work-breakdown.md:177""}}",
WBS-9.2,"WBS-9.2 Vote configuration + open UI: Secretary configures; vote opens; in-app notification to eligible voters. Realizes FR-070–FR-075, FR-077–FR-078. (BL-061 / EPIC-09).",WBS-9,,,,Approved,,,,,"{""v1"": {""raw_line"": ""- **WBS-9.2** Vote configuration + open UI: Secretary configures; vote opens; in-app notification to eligible voters. Realizes FR-070–FR-075, FR-077–FR-078. (BL-061 / EPIC-09)."", ""source"": ""planning/work-breakdown.md:178""}}",
WBS-9.3,"WBS-9.3 Vote casting: one-vote-per-voter enforcement at API layer; abstention option; live aggregate display. Realizes FR-070–FR-075, FR-077–FR-078. (BL-062 / EPIC-09).",WBS-9,,,,Approved,,,,,"{""v1"": {""raw_line"": ""- **WBS-9.3** Vote casting: one-vote-per-voter enforcement at API layer; abstention option; live aggregate display. Realizes FR-070–FR-075, FR-077–FR-078. (BL-062 / EPIC-09)."", ""source"": ""planning/work-breakdown.md:179""}}",
WBS-9.4,"WBS-9.4 Quorum enforcement: vote cannot close if present-voters < quorum; check from attendance record. Realizes FR-070–FR-075, FR-077–FR-078. (BL-063 / EPIC-09).",WBS-9,,,,Approved,,,,,"{""v1"": {""raw_line"": ""- **WBS-9.4** Quorum enforcement: vote cannot close if present-voters < quorum; check from attendance record. Realizes FR-070–FR-075, FR-077–FR-078. (BL-063 / EPIC-09)."", ""source"": ""planning/work-breakdown.md:180""}}",
WBS-9.5,"WBS-9.5 Chairman approval: Confirm / Override (+ mandatory reason) / Abstain-from-override; immutable record. Realizes FR-070–FR-075, FR-077–FR-078. (BL-064 / EPIC-09).",WBS-9,,,,Approved,,,,,"{""v1"": {""raw_line"": ""- **WBS-9.5** Chairman approval: Confirm / Override (+ mandatory reason) / Abstain-from-override; immutable record. Realizes FR-070–FR-075, FR-077–FR-078. (BL-064 / EPIC-09)."", ""source"": ""planning/work-breakdown.md:181""}}",
WBS-9.6,"WBS-9.6 Vote audit: all choices + timestamps + chairman action in append-only log; immutable after Ratified. Realizes FR-070–FR-075, FR-077–FR-078. (BL-065 / EPIC-09).",WBS-9,,,,Approved,,,,,"{""v1"": {""raw_line"": ""- **WBS-9.6** Vote audit: all choices + timestamps + chairman action in append-only log; immutable after Ratified. Realizes FR-070–FR-075, FR-077–FR-078. (BL-065 / EPIC-09)."", ""source"": ""planning/work-breakdown.md:182""}}",
WBS-9.7,WBS-9.7 Conflict-of-interest flag per voter per vote: declaration recorded; no auto-exclusion. Realizes FR-076 (PH-2). (BL-127 / EPIC-09).,WBS-9,,,,Approved,,,,,"{""v1"": {""raw_line"": ""- **WBS-9.7** Conflict-of-interest flag per voter per vote: declaration recorded; no auto-exclusion. Realizes FR-076 (PH-2). (BL-127 / EPIC-09)."", ""source"": ""planning/work-breakdown.md:183""}}",
